{
  "Adbert Alzolay": 2.491333333333333,
  "Carlos Guzman": 1.7966666666666646,
  "Adrian Sanchez": 2.7445000000000013,
  "Al Pedrique": 1.8128333333333309,
  "Albert Suarez": 2.401499999999999,
  "Alberto Callaspo": 1.5861666666666658,
  "Alberto Gonzalez": 2.0816666666666666,
  "Alcides Escobar": 1.8505,
  "Alejandro Freire": 2.052999999999998,
  "Alejandro Machado": 4.420833333333329,
  "Alex Cabrera": 3.3393333333333333,
  "Alex Carrasquel": 6.964500000000003,
  "Alex Escobar": 1.7994999999999974,
  "Alex Herrera": 1.7188333333333312,
  "Alex Prieto": 12.125,
  "Alex Ramirez": 2.205666666666667,
  "Alex Romero": 1.6968333333333336,
  "Alex Serrano": 1.7255882352941183,
  "Alex Torres": 1.8518333333333314,
  "Alexi Amarista": 1.8133333333333312,
  "Alexis Infante": 1.5260000000000005,
  "Alfredo Gonzalez": 1.7775,
  "Ali Sanchez": 2.7784999999999997,
  "Alvaro Espinoza": 1.6308333333333331,
  "Anderson Espinoza": 2.155166666666665,
  "Anderson Machado": 2.4524999999999997,
  "Andres Blanco": 1.9193333333333316,
  "Andres Chaparro": 2.458999999999999,
  "Andres Galarraga": 3.0011666666666668,
  "Andres Gimenez": 4.008666666666667,
  "Andres Machado": 1.5936666666666655,
  "Andruw Monasterio": 2.190666666666665,
  "Andry Lara": 2.799166666666667,
  "Angel Bravo": 1.9053333333333333,
  "Angel Guzman": 2.5009999999999994,
  "Angel Nesbitt": 1.6325000000000018,
  "Angel Salazar": 1.6708333333333352,
  "Angel Zerpa": 3.515500000000002,
  "Anibal Sanchez": 1.8166666666666644,
  "Anthony Molina": 2.3659999999999988,
  "Anthony Ortega": 1.7956666666666672,
  "Anthony Santander": 3.5235,
  "Antonio Senzatela": 1.563666666666667,
  "Argenis Diaz": 2.096999999999998,
  "Armando Galarraga": 1.7131666666666656,
  "Asdrubal Cabrera": 1.8433333333333313,
  "Avisail Garcia": 1.7585000000000002,
  "Bo Diaz": 1.5423333333333347,
  "Bobby Abreu": 2.7468333333333335,
  "Brayan Rocchio": 8.002500000000007,
  "Brayan Villarreal": 1.5451666666666668,
  "Breyvic Valera": 2.2180000000000026,
  "Bruce Rondon": 1.6245000000000005,
  "Brusdar Graterol": 1.989,
  "Carlos Asuaje": 1.5045000000000008,
  "Carlos Carrasco": 1.6059999999999985,
  "Carlos Garcia": 1.7638333333333345,
  "Carlos Gonzalez": 2.2733333333333317,
  "Carlos Guillen": 1.8059999999999976,
  "Carlos Hernandez": 1.6983333333333328,
  "Carlos Maldonado": 2.3616666666666655,
  "Carlos Martinez": 1.6378333333333353,
  "Carlos Monasterios": 1.5696666666666657,
  "Carlos Narvaez": 11.098666666666672,
  "Carlos Perez": 1.7931666666666652,
  "Carlos Pulido": 2.3471666666666673,
  "Carlos Quintana": 1.576166666666665,
  "Carlos Rivero": 2.440833333333333,
  "Carlos Silva": 1.5538333333333323,
  "Carlos Tocci": 1.8901666666666646,
  "Carlos Valderrama": 3.968166666666667,
  "Carlos Zambrano": 1.9696666666666671,
  "Cesar Gutierrez": 2.1621666666666646,
  "Cesar Hernandez": 1.5954999999999988,
  "Cesar Izturis": 2.054333333333333,
  "Cesar Jimenez": 1.833999999999998,
  "Cesar Tovar": 2.131666666666664,
  "Chico Carrasquel": 4.553666666666661,
  "Clemente Alvarez": 1.9144999999999988,
  "Cris Colon": 1.6108333333333333,
  "Damaso Blanco": 41.666666666666664,
  "Daniel Palencia": 3.3576666666666646,
  "Danny Leon": 1.5178333333333331,
  "Danny Sandoval": 1.8011666666666675,
  "Darwin Cubillan": 2.7438333333333333,
  "Darwinzon Hernandez": 2.3701666666666656,
  "David Concepcion": 14.140500000000003,
  "David Peralta": 1.7973333333333337,
  "Deolis Guerra": 2.5038333333333336,
  "Diego Castillo": 1.8959999999999984,
  "Dioner Navarro": 2.2906666666666653,
  "Dixon Machado": 2.144833333333333,
  "Donaldo Mendez": 3.9481666666666695,
  "Eddie Perez": 3.9965000000000033,
  "Eddie Zambrano": 1.6249999999999998,
  "Eddy Diaz": 2.4504999999999995,
  "Edgar Navarro": 2.2575000000000003,
  "Edgardo Alfonzo": 1.6706666666666652,
  "Edgardo Henriquez": 11.486666666666668,
  "Eduardo Escobar": 1.5376666666666658,
  "Eduardo Jimenez": 2.662500000000002,
  "Eduardo Rodriguez": 2.49,
  "Eduardo Sanchez": 1.713333333333335,
  "Eduardo Villacis": 1.7403333333333315,
  "Edubray Ramos": 19.966666666666672,
  "Edwar Colina": 1.754666666666668,
  "Edward Mujica": 1.7211666666666676,
  "Edward Olivares": 2.306499999999999,
  "Edwin Escobar": 2.384666666666666,
  "Edwin Hurtado": 1.9413333333333358,
  "Edwin Moreno": 2.4926666666666666,
  "Ehire Adrianza": 1.5933333333333324,
  "Eider Torres": 2.4946666666666664,
  "Elias Diaz": 2.8693333333333326,
  "Elieser Hernandez": 1.6770000000000023,
  "Eliezer Alfonzo": 1.9680000000000002,
  "Elio Chacon": 5.567999999999999,
  "Elvis Andrus": 1.8214999999999981,
  "Elvis Araujo": 2.136833333333331,
  "Ender Inciarte": 1.7898333333333336,
  "Endy Chavez": 2.428499999999999,
  "Enmanuel De Jesus": 1.7589999999999981,
  "Enrique Gonzalez": 3.734166666666669,
  "Enzo Hernandez": 1.620833333333332,
  "Ethan Salas": 6.577000000000003,
  "Eugenio Suarez": 6.117833333333337,
  "Everson Pereira": 4.194666666666669,
  "Ezequiel Carrera": 1.7876666666666652,
  "Ezequiel Tovar": 7.998833333333338,
  "Felipe Lira": 1.695166666666666,
  "Felipe Vazquez": 1.6400000000000017,
  "Felix Doubront": 1.909166666666669,
  "Felix Escalona": 2.406166666666666,
  "Felix Hernandez": 19.021500000000003,
  "Fernando Nieve": 2.941333333333331,
  "Francisco Alvarez": 2.4931666666666668,
  "Francisco Arcia": 2.1121666666666643,
  "Francisco Cervelli": 1.7753333333333319,
  "Francisco Morales": 2.0238333333333314,
  "Francisco Rodriguez": 1.735333333333334,
  "Frank Mata": 2.367333333333333,
  "Franklin Barreto": 1.4566666666666679,
  "Franklin Gutierrez": 2.299333333333332,
  "Franklin Morales": 1.9004999999999999,
  "Fred Manrique": 1.1618333333333333,
  "Freddy Fermin": 4.584333333333335,
  "Freddy Galvis": 1.7333333333333336,
  "Freddy Garcia": 1.715166666666666,
  "Gabriel Arias": 4.965666666666669,
  "Gabriel Moreno": 5.853666666666667,
  "Gerardo Parra": 1.7588333333333332,
  "German Gonzalez": 1.495499999999999,
  "German Marquez": 1.683166666666667,
  "Giomar Guevara": 2.461833333333333,
  "Giovanni Carrara": 5.864000000000003,
  "Gleyber Torres": 1.9008333333333332,
  "Gonzalo Marquez": 1.8816666666666668,
  "Gorkys Hernandez": 2.1258333333333312,
  "Gregor Blanco": 1.9075000000000004,
  "Gregorio Petit": 2.4756666666666662,
  "Gregory Infante": 1.554,
  "Guilder Rodriguez": 1.657333333333335,
  "Guillermo Moscoso": 1.7858333333333318,
  "Guillermo Quiroz": 2.2278333333333338,
  "Guillermo Rodriguez": 3.7678333333333343,
  "Gus Gil": 4.604166666666665,
  "Gus Polidor": 1.3914999999999997,
  "Gustavo Chacin": 1.8903333333333336,
  "Gustavo Molina": 2.4725000000000006,
  "Harold Castro": 2.8066666666666666,
  "Harvey Garcia": 1.7945000000000007,
  "Hector Gimenez": 1.9966666666666657,
  "Hector Rondon": 1.4016666666666673,
  "Hector Sanchez": 2.398500000000001,
  "Henry Blanco": 1.790833333333334,
  "Henry Rodriguez": 1.8531666666666646,
  "Hernan Iribarren": 2.207666666666667,
  "Hernan Perez": 1.8473333333333317,
  "Humberto Quintero": 1.816833333333331,
  "Ildemaro Vargas": 1.7913333333333317,
  "Israel Pineda": 1.9073333333333333,
  "Ivan Ochoa": 2.627833333333333,
  "Jackson Chourio": 6.477833333333334,
  "Jairo Diaz": 2.1113333333333313,
  "Jairo Iriarte": 3.9791666666666696,
  "Javier Sanoja": 7.970000000000001,
  "Jean Machi": 2.001166666666665,
  "Jeanmar Gomez": 1.5851666666666657,
  "Jeferson Quero": 10.113833333333337,
  "Jermaine Palacios": 1.9945000000000002,
  "Jesus Aguilar": 2.0448333333333353,
  "Jesus Delgado": 2.011833333333333,
  "Jesus Flores": 2.073999999999998,
  "Jesus Guzman": 1.9516666666666669,
  "Jesus Montero": 2.387999999999999,
  "Jesus Tinoco": 2.2756666666666665,
  "Jhonathan Diaz": 1.8699999999999979,
  "Jhonny Pereda": 2.450833333333333,
  "Jhostynxon Garcia": 14.251000000000003,
  "Jhoulys Chacin": 1.4033333333333347,
  "Joe Ortiz": 2.9141666666666657,
  "Johan Santana": 1.5668333333333342,
  "Johnny Paredes": 1.4101666666666661,
  "Jonathan Herrera": 1.4370000000000014,